{"cameraMode":{"drawMode":0,"name":"Shaded","section":"Shading Mode"},"sceneLighting":false,"audioPlay":false,"sceneViewState":{"m_AlwaysRefresh":false,"showFog":true,"showSkybox":false,"showFlares":true,"showImageEffects":true,"showParticleSystems":true,"showVisualEffectGraphs":true,"m_FxEnabled":true},"in2DMode":false,"pivot":{"x":3.306328535079956,"y":0.6549639105796814,"z":-0.013372995890676976},"rotation":{"x":-0.20835646986961366,"y":0.591863751411438,"z":-0.16186514496803285,"w":-0.7616377472877502},"size":1.2298282384872437,"orthographic":false}