{"cameraMode":{"drawMode":0,"name":"Shaded","section":"Shading Mode"},"sceneLighting":false,"audioPlay":false,"sceneViewState":{"m_AlwaysRefresh":false,"showFog":true,"showSkybox":false,"showFlares":true,"showImageEffects":true,"showParticleSystems":true,"showVisualEffectGraphs":true,"m_FxEnabled":true},"in2DMode":false,"pivot":{"x":-0.000008315568265970796,"y":0.000017164908058475703,"z":0.000007461112545570359},"rotation":{"x":-0.041989777237176898,"y":0.0036051517818123104,"z":-0.00011484509741421789,"w":-0.9991154074668884},"size":0.000017320508050033823,"orthographic":false}