{"cameraMode":{"drawMode":0,"name":"Shaded","section":"Shading Mode"},"sceneLighting":false,"audioPlay":false,"sceneViewState":{"m_AlwaysRefresh":false,"showFog":true,"showSkybox":false,"showFlares":true,"showImageEffects":true,"showParticleSystems":true,"showVisualEffectGraphs":true,"m_FxEnabled":true},"in2DMode":false,"pivot":{"x":-0.17649108171463014,"y":-0.020944591611623765,"z":0.19545915722846986},"rotation":{"x":-0.2344951629638672,"y":0.04869391396641731,"z":-0.011724325828254223,"w":-0.9708191156387329},"size":0.36900660395622256,"orthographic":false}