{"cameraMode":{"drawMode":0,"name":"Shaded","section":"Shading Mode"},"sceneLighting":false,"audioPlay":false,"sceneViewState":{"m_AlwaysRefresh":false,"showFog":true,"showSkybox":false,"showFlares":true,"showImageEffects":true,"showParticleSystems":true,"showVisualEffectGraphs":true,"m_FxEnabled":true},"in2DMode":false,"pivot":{"x":3.725290298461914e-8,"y":-7.599592208862305e-7,"z":0.22905129194259644},"rotation":{"x":0.39923951029777529,"y":-0.3944343626499176,"z":0.19581976532936097,"w":0.8041779398918152},"size":0.36772629618644717,"orthographic":false}