{"cameraMode":{"drawMode":0,"name":"Shaded","section":"Shading Mode"},"sceneLighting":false,"audioPlay":false,"sceneViewState":{"m_AlwaysRefresh":false,"showFog":true,"showSkybox":false,"showFlares":true,"showImageEffects":true,"showParticleSystems":true,"showVisualEffectGraphs":true,"m_FxEnabled":true},"in2DMode":false,"pivot":{"x":3.725290298461914e-8,"y":-7.599592208862305e-7,"z":0.22905129194259644},"rotation":{"x":0.21413861215114594,"y":-0.6769881248474121,"z":0.2163527011871338,"w":0.6701167225837708},"size":0.36772629618644717,"orthographic":false}