{"cameraMode":{"drawMode":0,"name":"Shaded","section":"Shading Mode"},"sceneLighting":false,"audioPlay":false,"sceneViewState":{"m_AlwaysRefresh":false,"showFog":true,"showSkybox":false,"showFlares":true,"showImageEffects":true,"showParticleSystems":true,"showVisualEffectGraphs":true,"m_FxEnabled":true},"in2DMode":false,"pivot":{"x":-0.2010384500026703,"y":0.25624147057533266,"z":0.15857136249542237},"rotation":{"x":-0.3814583122730255,"y":-0.2781550884246826,"z":0.12153942137956619,"w":-0.8731349110603333},"size":0.30206799507141116,"orthographic":false}