{"cameraMode":{"drawMode":0,"name":"Shaded","section":"Shading Mode"},"sceneLighting":false,"audioPlay":false,"sceneViewState":{"m_AlwaysRefresh":false,"showFog":true,"showSkybox":false,"showFlares":true,"showImageEffects":true,"showParticleSystems":true,"showVisualEffectGraphs":true,"m_FxEnabled":true},"in2DMode":false,"pivot":{"x":0.039896249771118167,"y":0.3197905123233795,"z":0.02435334026813507},"rotation":{"x":-0.3202643096446991,"y":-0.4265802204608917,"z":0.16468361020088197,"w":-0.829673707485199},"size":0.28681108355522158,"orthographic":false}