{"cameraMode":{"drawMode":0,"name":"Shaded","section":"Shading Mode"},"sceneLighting":false,"audioPlay":false,"sceneViewState":{"m_AlwaysRefresh":false,"showFog":true,"showSkybox":false,"showFlares":true,"showImageEffects":true,"showParticleSystems":true,"showVisualEffectGraphs":true,"m_FxEnabled":true},"in2DMode":false,"pivot":{"x":-0.009891986846923828,"y":0.8692867755889893,"z":0.11722129583358765},"rotation":{"x":0.452261358499527,"y":0.040108609944581988,"z":-0.02036300115287304,"w":0.8907605409622192},"size":1.2459666728973389,"orthographic":false}