{"cameraMode":{"drawMode":0,"name":"Shaded","section":"Shading Mode"},"sceneLighting":true,"audioPlay":false,"sceneViewState":{"m_AlwaysRefresh":false,"showFog":true,"showSkybox":true,"showFlares":true,"showImageEffects":true,"showParticleSystems":true,"showVisualEffectGraphs":true,"m_FxEnabled":true},"in2DMode":false,"pivot":{"x":0.2705812454223633,"y":2.803999423980713,"z":-8.618576049804688},"rotation":{"x":0.5214683413505554,"y":-0.04219653829932213,"z":0.025848448276519777,"w":0.8518532514572144},"size":24.24871063232422,"orthographic":false}